{
    "Elements":[
        {
            "Type": "Button",
            "Name": "Button_Temp"
        },
        {
            "Type": "Button",
            "Name": "Button_U/min"
        },
        {
            "Type": "Button",
            "Name": "Button_FertigIn"
        },
        {
            "Type": "Button",
            "Name": "Button_SpeedPerfect"
        },
        {
            "Type": "Button",
            "Name": "Button_EcoPerfect"
        },
        {
            "Type": "Button",
            "Name": "Button_Knitterschutz"
        },
        {
            "Type": "Button",
            "Name": "Button_Extraspuelen"
        },
        {
            "Type": "Button",
            "Name": "Button_Start"
        },
        {
            "Type": "Rotatable",
            "Name": "ButtonRotary",
            "InitialAttributeValues":[
                {"Attribute": "VALUE", "Value": "0.0"}
            ],
            "MinRotation": 0.0,
            "MaxRotation": 360.0,
            "RotationAxis":{
                "Origin": {
                    "x": 0.0,
                    "y": 0.0,
                    "z": 0.0
                },
                "Direction":{
                    "x": 0.0,
                    "y": 0.15,
                    "z": 1.0
                }
            }
        },
        {
            "Type": "Rotatable",
            "Name": "Door",
            "InitialAttributeValues":[
                {"Attribute": "VALUE", "Value": "0.0"}
            ],
            "MinRotation": 0.0,
            "MaxRotation": 120.0,
            "RotationAxis":{
                "Origin": {
                    "x": 0.0,
                    "y": 0.0,
                    "z": 0.0
                },
                "Direction":{
                    "x": 0.0,
                    "y": 1.0,
                    "z": 0.0
                }
            }
        },
        {
            "Type": "Slider",
            "Name": "WashingPowderSlot",
            "InitialAttributeValues":[
                {"Attribute": "VALUE", "Value": "0.0"}
            ],
            "MinPosition": {
                "x": 0.0,
                "y": 0.0,
                "z": 0.0
            },
            "MaxPosition":{
                "x": 0.0,
                "y": 0.0,
                "z": 0.75
            },
            "PositionResolution": 2
        },
        {
            "Type": "Movable",
            "Name": "cloth",
            "InitialAttributeValues": [
                {"Attribute": "POSITION", "Value": "(2.0, 3.15, 1.98)"}
            ],
            "SnapPoses":[
                {"Position":"(-0.73, 4.5, 0.75)", "Rotation": "(0, 25, 25)"}
            ]
        }
    ]
}