{
    "Elements":[
        {
            "Type": "Screen",
            "Name": "DisplayScreen_Temp",
            "Plane":{
                "x": 0.0,
                "y": 0.45,
                "z": 1.0
            },
            "Resolution":{
                "x": 320,
                "y": 600.0
            }
        },
        {
            "Type": "Screen",
            "Name": "DisplayScreen_U/min",
            "Plane":{
                "x": 0.0,
                "y": 0.45,
                "z": 1.0
            },
            "Resolution":{
                "x": 320,
                "y": 600.0
            }
        },
        {
            "Type": "Screen",
            "Name": "DisplayScreen_FertigIn_Symbole",
            "Plane":{
                "x": 0.0,
                "y": 0.45,
                "z": 1.0
            },
            "Resolution":{
                "x": 380.0,
                "y": 330.0
            }
        },
        {
            "Type": "Screen",
            "Name": "DisplayScreen_FertigIn_Zeit",
            "Plane":{
                "x": 0.0,
                "y": 0.45,
                "z": 1.0
            },
            "Resolution":{
                "x": 380.0,
                "y": 270.0
            }
        },
        {
            "Type": "Screen",
            "Name": "DisplayScreen_SpeedPerfect",
            "Plane":{
                "x": 0.0,
                "y": 0.45,
                "z": 1.0
            },
            "Resolution":{
                "x": 260.0,
                "y": 600.0
            }
        },
        {
            "Type": "Screen",
            "Name": "DisplayScreen_EcoPerfect",
            "Plane":{
                "x": 0.0,
                "y": 0.45,
                "z": 1.0
            },
            "Resolution":{
                "x": 260.0,
                "y": 600.0
            }
        },
        {
            "Type": "Screen",
            "Name": "DisplayScreen_Knitterschutz",
            "Plane":{
                "x": 0.0,
                "y": 0.45,
                "z": 1.0
            },
            "Resolution":{
                "x": 260.0,
                "y": 600.0
            }
        },
        {
            "Type": "Screen",
            "Name": "DisplayScreen_Extraspuelen",
            "Plane":{
                "x": 0.0,
                "y": 0.45,
                "z": 1.0
            },
            "Resolution":{
                "x": 260.0,
                "y": 600.0
            }
        },
        {
            "Type": "Screen",
            "Name": "WashingMachine_Start",
            "Plane":{
                "x": 0.0,
                "y": 0.0,
                "z": 1.0
            },
            "Resolution":{
                "x": 260.0,
                "y": 600.0
            }
        }
    ]
}